,Unnamed: 0,word,label_GPT3,label_ChatGPT_prompt,label_ChatGPT_chat,label_Ground_truth
0,0,10,c,c,c,c
1,1,June,c,c,c,c
2,2,2000,c,c,c,c
3,3,Dear,c,c,c,c
4,4,Manager,c,c,c,c
5,5,",",c,c,c,c
6,6,I,c,c,c,c
7,7,would,c,c,c,c
8,8,like,c,c,c,c
9,9,to,c,c,c,c
10,10,complain,c,c,c,c
11,11,about,i,c,c,c
12,12,your,c,c,c,c
13,13,theatre,c,c,c,c
14,14,and,c,c,c,c
15,15,the,c,c,c,c
16,16,musical,c,c,c,c
17,17,show,c,c,c,c
18,18,that,c,c,c,c
19,19,I,c,c,c,c
20,20,saw,c,c,c,c
21,21,last,c,c,c,c
22,22,week,c,c,c,c
23,23,.,c,c,c,c
24,24,I,c,c,c,c
25,25,went,c,c,c,c
26,26,to,c,c,c,c
27,27,London,c,c,c,c
28,28,for,c,c,c,c
29,29,a,c,c,c,c
30,30,holiday,c,c,c,c
31,31,last,c,c,c,c
32,32,week,c,c,c,c
33,33,and,c,c,c,c
34,34,read,c,c,c,c
35,35,the,c,c,c,c
36,36,advertisement,c,c,c,c
37,37,about,i,c,c,c
38,38,',c,c,c,c
39,39,Over,c,c,c,c
40,40,the,c,c,c,c
41,41,rainbow,c,c,c,c
42,42,',c,c,c,c
43,43,in,c,c,c,c
44,44,the,c,c,c,c
45,45,hotel,c,c,c,c
46,46,which,c,c,c,c
47,47,I,c,c,c,c
48,48,stayed,c,c,c,c
49,49,.,c,c,c,i
50,50,I,c,c,c,c
51,51,saw,c,c,c,c
52,52,Danny,c,c,c,c
53,53,Brook,c,c,c,c
54,54,and,c,c,c,c
55,55,Tina,c,c,c,c
56,56,Truelove,c,c,c,c
57,57,were,i,c,c,c
58,58,written,c,c,c,c
59,59,on,c,c,c,c
60,60,the,c,c,c,c
61,61,advertisement,c,c,c,c
62,62,paper,c,c,c,c
63,63,and,c,c,c,c
64,64,was,i,c,c,c
65,65,very,c,c,c,c
66,66,excited,c,c,c,c
67,67,.,c,c,c,c
68,68,However,c,c,c,c
69,69,",",c,c,c,c
70,70,Danny,c,c,c,c
71,71,Brook,c,c,c,c
72,72,did,c,c,c,c
73,73,not,c,c,c,c
74,74,appear,c,c,c,c
75,75,on,c,c,c,c
76,76,the,c,c,c,c
77,77,stage,c,c,c,c
78,78,until,c,c,c,c
79,79,the,c,c,c,c
80,80,end,c,c,c,c
81,81,of,c,c,c,c
82,82,musical,c,c,c,c
83,83,showing,i,c,c,c
84,84,time,c,c,c,c
85,85,.,c,c,c,c
86,86,I,c,c,c,c
87,87,was,c,c,c,c
88,88,really,c,c,c,c
89,89,disappointed,c,c,c,c
90,90,about,i,c,c,c
91,91,it,c,c,c,c
92,92,.,c,c,c,c
93,93,Secondly,c,c,c,c
94,94,",",c,c,c,c
95,95,starting,c,c,c,i
96,96,time,c,c,c,c
97,97,was,c,c,c,c
98,98,19:30,c,c,c,c
99,99,but,c,c,c,c
100,100,it,c,c,c,c
101,101,started,c,c,c,c
102,102,20:15,c,c,c,c
103,103,so,c,c,c,c
104,104,I,c,c,c,c
105,105,was,c,c,c,c
106,106,waited,i,i,i,i
107,107,for,c,c,c,c
108,108,45,c,c,c,c
109,109,minutes,c,c,c,c
110,110,.,c,c,c,c
111,111,It,c,c,c,c
112,112,was,c,c,c,c
113,113,so,c,c,c,i
114,114,long,c,c,c,c
115,115,time,c,c,c,c
116,116,to,c,c,c,c
117,117,wait,c,c,c,c
118,118,in,c,c,c,c
119,119,the,c,c,c,c
120,120,theatre,c,c,c,c
121,121,.,c,c,c,c
122,122,Thirdly,c,c,c,c
123,123,",",c,c,c,c
124,124,it,c,c,c,c
125,125,mentioned,c,c,c,c
126,126,about,i,c,c,c
127,127,discounts,c,c,c,c
128,128,.,c,c,c,c
129,129,Despite,c,c,c,c
130,130,of,i,c,c,c
131,131,the,c,c,c,c
132,132,fact,c,c,c,c
133,133,that,c,c,c,c
134,134,I,c,c,c,c
135,135,am,c,c,c,c
136,136,a,c,c,c,c
137,137,student,c,c,c,c
138,138,",",c,c,c,c
139,139,I,c,c,c,c
140,140,could,c,c,c,c
141,141,not,c,c,c,c
142,142,get,c,c,c,c
143,143,any,c,c,c,c
144,144,discounts,c,c,c,c
145,145,.,c,c,c,c
146,146,I,c,c,c,c
147,147,also,c,c,c,c
148,148,visited,c,c,c,c
149,149,your,c,c,c,c
150,150,restaurant,c,c,c,c
151,151,after,c,c,c,c
152,152,the,c,c,c,c
153,153,show,c,c,c,c
154,154,but,c,c,c,c
155,155,already,c,c,c,i
156,156,closed,c,c,c,c
157,157,because,c,c,c,c
158,158,the,c,c,c,c
159,159,show,c,c,c,c
160,160,finished,c,c,c,c
161,161,late,c,c,c,c
162,162,.,c,c,c,c
163,163,I,c,c,c,c
164,164,think,c,c,c,c
165,165,it,c,c,c,c
166,166,is,c,c,c,c
167,167,a,c,c,c,c
168,168,great,c,c,c,c
169,169,opportunity,c,c,c,c
170,170,because,c,c,c,c
171,171,it,c,c,c,c
172,172,is,c,c,c,c
173,173,based,c,c,c,c
174,174,on,c,c,c,c
175,175,fashion,c,c,c,c
176,176,.,c,c,c,c
177,177,We,c,c,c,c
178,178,like,c,c,c,c
179,179,to,c,c,c,c
180,180,keep,c,c,c,c
181,181,up,c,c,c,c
182,182,with,c,c,c,c
183,183,the,c,c,c,c
184,184,rage,c,c,c,i
185,185,but,c,c,c,c
186,186,I,c,c,c,c
187,187,think,c,c,c,c
188,188,it,c,c,c,c
189,189,will,c,c,c,c
190,190,help,c,c,c,c
191,191,those,c,c,c,c
192,192,who,c,c,c,c
193,193,want,c,c,c,c
194,194,to,c,c,c,c
195,195,become,c,c,c,c
196,196,a,c,c,c,c
197,197,fashion,c,c,c,c
198,198,designer,c,c,c,i
199,199,later,c,c,c,c
200,200,on,c,c,c,c
201,201,.,c,c,c,c
202,202,I,c,c,c,c
203,203,have,c,c,c,c
204,204,a,c,c,c,c
205,205,suggestion,c,c,c,c
206,206,on,c,c,c,c
207,207,how,c,c,c,c
208,208,the,c,c,c,c
209,209,programme,c,c,c,c
210,210,could,c,c,c,c
211,211,be,c,c,c,c
212,212,changed,c,c,c,c
213,213,.,c,c,c,c
214,214,The,c,c,c,c
215,215,shopping,c,c,c,c
216,216,time,c,c,c,c
217,217,could,c,c,c,c
218,218,be,c,c,c,c
219,219,after,c,c,c,c
220,220,the,c,c,c,c
221,221,show,c,c,c,c
222,222,and,c,c,c,c
223,223,the,c,c,c,c
224,224,free,c,c,c,c
225,225,time,c,c,c,c
226,226,exchanged,c,c,c,c
227,227,for,c,c,c,c
228,228,the,c,c,c,c
229,229,science,c,c,c,c
230,230,museum,c,c,c,c
231,231,.,c,c,c,c
232,232,If,c,c,c,c
233,233,we,c,c,c,c
234,234,go,c,c,c,c
235,235,to,c,c,c,c
236,236,the,c,c,c,c
237,237,show,c,c,c,c
238,238,",",c,c,c,c
239,239,we,c,c,c,c
240,240,can,c,c,c,c
241,241,do,c,c,c,c
242,242,without,c,c,c,c
243,243,the,c,c,c,c
244,244,free,c,c,c,c
245,245,time,c,c,c,c
246,246,.,c,c,c,c
247,247,Please,c,c,c,c
248,248,give,c,c,c,c
249,249,this,c,c,c,c
250,250,your,c,c,c,c
251,251,careful,c,c,c,c
252,252,consideration,c,c,c,c
253,253,..,c,c,c,c
254,254,Yours,c,c,c,c
255,255,sincerely,c,c,c,c
256,256,",",c,c,c,c
257,257,In,i,c,i,c
258,258,a,c,c,c,c
259,259,country,c,c,c,c
260,260,like,c,c,c,c
261,261,the,c,c,c,c
262,262,UK,c,c,c,c
263,263,",",c,c,c,c
264,264,we,c,c,c,c
265,265,are,c,c,c,c
266,266,all,c,c,c,c
267,267,bound,c,c,c,c
268,268,to,c,c,c,c
269,269,have,c,c,c,c
270,270,houses,c,c,c,c
271,271,.,c,c,c,c
272,272,We,c,c,c,c
273,273,either,c,c,c,c
274,274,own,c,c,c,c
275,275,it,c,c,c,c
276,276,",",c,c,c,c
277,277,or,c,c,c,c
278,278,we,c,c,c,c
279,279,simply,c,c,c,c
280,280,borrow,c,c,c,c
281,281,it,c,c,c,c
282,282,from,c,c,c,c
283,283,other,c,c,c,c
284,284,people,c,c,c,c
285,285,.,c,c,c,c
286,286,We,c,c,c,c
287,287,take,c,c,c,c
288,288,our,c,c,c,c
289,289,homes,c,c,c,c
290,290,for,c,c,c,c
291,291,granted,c,c,c,c
292,292,.,c,c,c,c
293,293,Think,c,c,c,c
294,294,about,c,c,c,c
295,295,the,c,c,c,c
296,296,people,c,c,c,c
297,297,in,c,c,c,c
298,298,the,c,c,c,c
299,299,poor,c,c,c,c
300,300,countries,c,c,c,c
301,301,!,c,c,c,c
302,302,They,c,c,c,c
303,303,struggle,c,c,c,c
304,304,to,c,c,c,c
305,305,survive,c,c,c,c
306,306,.,c,c,c,c
307,307,So,c,c,c,c
308,308,nobody,c,c,c,c
309,309,smokes,c,c,c,c
310,310,there,c,c,c,c
311,311,.,c,c,c,c
312,312,I,c,c,c,c
313,313,do,c,c,c,c
314,314,n't,c,c,c,c
315,315,smoke,c,c,c,c
316,316,",",c,c,c,c
317,317,so,c,c,c,c
318,318,I,c,c,c,c
319,319,do,c,c,c,c
320,320,n't,c,c,c,c
321,321,care,c,c,c,c
322,322,about,c,c,c,c
323,323,this,c,c,c,c
324,324,rule,c,c,c,c
325,325,.,c,c,c,c
326,326,But,c,c,c,c
327,327,some,c,c,c,c
328,328,of,c,c,c,c
329,329,my,c,c,c,c
330,330,friends,c,c,c,c
331,331,really,c,c,c,c
332,332,would,c,c,c,c
333,333,like,c,c,c,c
334,334,to,c,c,c,c
335,335,change,c,c,c,c
336,336,it,c,c,c,c
337,337,.,c,c,c,c
338,338,You,c,c,c,c
339,339,also,c,c,c,c
340,340,wanted,c,c,c,c
341,341,to,c,c,c,c
342,342,know,c,c,c,c
343,343,about,c,c,c,c
344,344,what,c,c,c,c
345,345,I,c,c,c,c
346,346,'m,c,c,c,c
347,347,allowed,c,c,c,c
348,348,or,c,c,c,c
349,349,not,c,c,c,c
350,350,allowed,c,c,c,c
351,351,to,c,c,c,c
352,352,do,c,c,c,c
353,353,at,c,c,c,c
354,354,home,c,c,c,c
355,355,.,c,c,c,c
356,356,Well,c,c,c,c
357,357,",",c,c,c,c
358,358,I,c,c,c,c
359,359,have,c,c,c,c
360,360,rather,c,c,c,c
361,361,modern,c,c,c,c
362,362,parents,c,c,c,c
363,363,",",c,c,c,c
364,364,so,c,c,c,c
365,365,they,c,c,c,c
366,366,do,c,c,c,c
367,367,n't,c,c,c,c
368,368,prohibit,i,c,c,i
369,369,me,c,c,c,c
370,370,to,c,c,c,i
371,371,go,c,c,c,i
372,372,to,c,c,c,c
373,373,the,c,c,c,c
374,374,discoes,i,i,i,i
375,375,or,c,c,c,c
376,376,somewhere,c,c,c,c
377,377,with,c,c,c,c
378,378,my,c,c,c,c
379,379,friends,c,c,c,c
380,380,.,c,c,c,c
381,381,The,c,c,c,c
382,382,only,c,c,c,c
383,383,rule,c,c,c,c
384,384,for,c,c,c,c
385,385,me,c,c,c,c
386,386,at,c,c,c,c
387,387,home,c,c,c,c
388,388,is,c,c,c,c
389,389,to,c,c,c,c
390,390,walk,c,c,c,c
391,391,out,c,c,c,c
392,392,with,c,c,c,c
393,393,my,c,c,c,c
394,394,dog,c,c,c,c
395,395,three,c,c,c,c
396,396,times,c,c,c,c
397,397,a,c,c,c,c
398,398,day,c,c,c,c
399,399,.,c,c,c,c
400,400,I,c,c,c,c
401,401,hope,c,c,c,c
402,402,it,c,c,c,c
403,403,was,c,c,c,c
404,404,interesting,c,c,c,c
405,405,for,c,c,c,c
406,406,you,c,c,c,c
407,407,to,c,c,c,c
408,408,know,c,c,c,c
409,409,about,c,c,c,c
410,410,the,c,c,c,c
411,411,rules,c,c,c,c
412,412,in,c,c,c,c
413,413,my,c,c,c,c
414,414,life,c,c,c,c
415,415,.,c,c,c,c
416,416,Look,c,c,c,i
417,417,forward,c,c,c,c
418,418,to,c,c,c,c
419,419,hearing,c,c,c,c
420,420,from,c,c,c,c
421,421,you,c,c,c,c
422,422,",",c,c,c,c
423,423,Dear,c,c,c,c
424,424,Sir,c,c,c,c
425,425,/,c,c,c,c
426,426,Madam,c,c,c,c
427,427,",",c,c,c,c
428,428,I,c,c,c,c
429,429,was,c,c,c,i
430,430,to,c,c,c,c
431,431,Circle,c,c,c,i
432,432,Theatre,c,c,c,c
433,433,to,c,c,c,c
434,434,watch,c,c,c,c
435,435,',c,c,c,i
436,436,Over,c,c,c,c
437,437,the,c,c,c,c
438,438,rainbow,c,c,c,c
439,439,',c,c,c,c
440,440,musical,c,c,c,c
441,441,show,c,c,c,c
442,442,",",c,c,c,c
443,443,recently,c,c,c,c
444,444,.,c,c,c,c
445,445,I,c,c,c,c
446,446,was,c,c,c,c
447,447,trully,i,i,i,i
448,448,dissapointed,i,c,i,i
449,449,by,c,c,c,c
450,450,it,c,c,c,c
451,451,.,c,c,c,c
452,452,My,c,c,c,c
453,453,expectations,c,c,c,c
454,454,were,c,c,c,c
455,455,high,c,c,c,c
456,456,after,c,c,c,c
457,457,I,c,c,c,c
458,458,'ve,c,i,c,i
459,459,read,c,c,c,c
460,460,your,c,c,c,c
461,461,leaflet,c,c,c,c
462,462,in,c,c,c,c
463,463,which,c,c,c,c
464,464,it,c,c,c,c
465,465,was,c,c,c,c
466,466,advertised,c,c,c,c
467,467,as,c,c,c,c
468,468,',c,c,c,c
469,469,London,c,c,c,c
470,470,'s,c,c,c,c
471,471,newest,c,c,c,c
472,472,and,c,c,c,c
473,473,best,c,c,c,c
474,474,musical,c,c,c,c
475,475,show,c,c,c,c
476,476,',c,c,c,c
477,477,.,c,c,c,c
478,478,Yours,c,c,c,c
479,479,sincerely,c,c,c,c
480,480,Cambridge,c,c,c,c
481,481,13.06.00,c,c,c,c
482,482,Dear,c,c,c,c
483,483,friend,c,c,c,c
484,484,Kim,c,c,c,c
485,485,Last,c,c,c,c
486,486,month,c,c,c,c
487,487,",",c,c,c,c
488,488,I,c,c,c,c
489,489,enjoyed,c,c,c,c
490,490,to,c,i,i,i
491,491,help,c,c,c,i
492,492,at,c,c,c,c
493,493,a,c,c,c,c
494,494,pop,c,c,c,c
495,495,concert,c,c,c,c
496,496,in,c,c,c,c
497,497,Portugal,c,c,c,c
498,498,.,c,c,c,c
499,499,Everything,c,c,c,c
500,500,were,i,i,i,i
501,501,new,c,c,c,c
502,502,for,c,c,c,c
503,503,me,c,c,c,c
504,504,.,c,c,c,c
505,505,I,c,c,c,c
506,506,had,c,c,c,c
507,507,to,c,c,c,c
508,508,(,c,c,i,c
509,509,lyd,i,i,i,c
510,510,),c,c,i,c
511,511,tidy,c,c,c,c
512,512,up,c,c,c,c
513,513,the,c,c,c,c
514,514,place,c,c,c,c
515,515,where,c,c,c,c
516,516,they,c,c,c,c
517,517,have,c,c,c,c
518,518,to,c,c,i,c
519,519,wait,c,c,c,c
520,520,until,c,c,c,i
521,521,their,c,c,c,c
522,522,turn,c,c,c,c
523,523,.,c,c,c,c
524,524,The,c,c,c,c
525,525,group,c,c,c,c
526,526,asked,c,c,c,c
527,527,me,c,c,c,c
528,528,make,i,i,i,i
529,529,sure,c,c,c,c
530,530,that,c,c,c,c
531,531,in,c,c,c,c
532,532,the,c,c,c,c
533,533,fridge,c,c,c,c
534,534,they,c,c,c,c
535,535,always,c,c,c,c
536,536,could,c,c,c,c
537,537,find,c,c,c,c
538,538,a,c,c,c,c
539,539,big,c,c,c,i
540,540,variety,c,c,c,c
541,541,of,c,c,c,c
542,542,drinks,c,c,c,c
543,543,including,c,c,c,c
544,544,honey,c,c,c,c
545,545,and,c,c,c,c
546,546,lemon,c,c,c,c
547,547,for,c,c,c,c
548,548,throat,c,c,c,i
549,549,.,c,c,c,c
550,550,Other,c,c,c,i
551,551,thing,c,c,c,c
552,552,I,c,c,c,c
553,553,had,c,c,c,c
554,554,to,c,c,c,c
555,555,do,c,c,c,c
556,556,is,c,c,c,i
557,557,keep,c,c,c,c
558,558,an,c,c,c,c
559,559,eye,c,c,c,c
560,560,in,c,c,c,i
561,561,the,c,c,c,c
562,562,towels,c,c,c,c
563,563,",",c,c,c,c
564,564,I,c,c,c,c
565,565,mean,c,c,c,c
566,566,",",c,c,c,c
567,567,dried,c,c,c,i
568,568,towels,c,c,c,c
569,569,because,c,c,c,c
570,570,as,c,c,c,c
571,571,you,c,c,c,c
572,572,know,c,c,c,c
573,573,that,c,c,c,c
574,574,country,c,c,c,c
575,575,is,c,c,c,c
576,576,too,c,c,c,c
577,577,hot,c,c,c,c
578,578,",",c,c,c,c
579,579,especially,c,c,c,c
580,580,for,c,c,c,c
581,581,my,c,c,c,c
582,582,liking,c,c,c,c
583,583,",",c,c,c,c
584,584,as,c,c,c,i
585,585,they,c,c,c,c
586,586,have,c,c,c,c
587,587,to,c,c,i,c
588,588,change,c,c,c,c
589,589,the,c,c,c,c
590,590,clothes,c,c,c,c
591,591,and,c,c,c,c
592,592,looks,c,c,i,i
593,593,fresh,c,c,c,c
594,594,;,c,c,c,c
595,595,do,c,c,c,c
596,596,n't,c,c,c,c
597,597,ask,c,c,c,c
598,598,me,c,c,c,c
599,599,why,c,c,c,c
600,600,.,c,c,c,c
601,601,The,c,c,c,c
602,602,pop,c,c,c,c
603,603,concert,c,c,c,c
604,604,happened,c,c,c,c
605,605,in,c,c,c,c
606,606,a,c,c,c,c
607,607,big,c,c,c,c
608,608,stadium,c,c,c,c
609,609,called,c,c,c,c
610,610,"\""",c,c,c,c
611,611,Mararcan√£,c,c,c,c
612,612,"\""",c,c,c,c
613,613,.,c,c,c,c
614,614,I,c,c,c,c
615,615,just,c,c,c,c
616,616,did,c,c,c,c
617,617,not,c,c,c,c
618,618,enjoyed,i,i,i,i
619,619,when,c,c,c,i
620,620,they,c,c,c,c
621,621,were,c,c,c,c
622,622,making,c,c,c,c
623,623,the,c,c,c,c
624,624,instruments,c,c,c,c
625,625,work,c,c,c,c
626,626,for,c,c,c,c
627,627,the,c,c,c,c
628,628,big,c,c,c,c
629,629,day,c,c,c,c
630,630,.,c,c,c,c
631,631,But,c,c,c,c
632,632,what,c,c,c,c
633,633,I,c,c,c,c
634,634,particularly,c,c,c,c
635,635,liked,c,c,c,c
636,636,was,c,c,c,c
637,637,see,c,i,i,i
638,638,and,c,c,c,i
639,639,ask,c,c,c,i
640,640,autographs,c,c,c,i
641,641,from,c,c,c,i
642,642,the,c,c,c,i
643,643,rest,c,c,c,i
644,644,of,c,c,c,i
645,645,the,c,c,c,i
646,646,others,c,c,c,i
647,647,groups,c,c,c,i
648,648,.,c,c,c,c
649,649,Do,c,c,c,c
650,650,n't,c,c,c,c
651,651,be,c,c,c,c
652,652,jealous,c,c,c,c
653,653,",",c,c,c,c
654,654,I,c,c,c,c
655,655,will,c,c,c,c
656,656,make,c,c,c,c
657,657,a,c,c,c,c
658,658,copy,c,c,c,c
659,659,for,c,c,c,c
660,660,you,c,c,c,c
661,661,",",c,c,c,c
662,662,OK,c,c,c,c
663,663,?,c,c,c,c
664,664,Love,c,c,i,c
665,665,Dear,c,c,c,c
666,666,Ms,c,c,c,c
667,667,Jane,c,c,c,c
668,668,Clark,c,c,c,c
669,669,.,c,c,c,c
670,670,I,c,c,c,c
671,671,am,c,c,c,c
672,672,writing,c,c,c,c
673,673,to,c,c,c,c
674,674,you,c,c,c,c
675,675,with,c,c,c,c
676,676,regard,c,c,c,c
677,677,to,c,c,c,c
678,678,the,c,c,c,c
679,679,International,c,c,c,c
680,680,Art,c,c,c,c
681,681,Festival,c,c,c,c
682,682,that,c,c,c,c
683,683,was,c,c,c,c
684,684,held,c,c,c,c
685,685,recently,c,c,c,c
686,686,.,c,c,c,c
687,687,The,c,c,c,c
688,688,festival,c,c,c,c
689,689,was,c,c,c,c
690,690,excenent,i,i,i,i
691,691,in,c,c,c,c
692,692,many,c,c,c,c
693,693,ways,c,c,c,c
694,694,",",c,c,c,c
695,695,and,c,c,c,c
696,696,especially,c,c,c,i
697,697,it,c,c,c,c
698,698,being,i,c,c,c
699,699,an,c,c,c,c
700,700,international,c,c,c,c
701,701,festival,c,c,c,c
702,702,was,c,c,c,c
703,703,a,c,c,c,c
704,704,challenging,c,c,c,c
705,705,",",c,c,c,c
706,706,but,c,c,c,c
707,707,brilliant,c,c,c,c
708,708,idea,c,c,c,c
709,709,.,c,c,c,c
710,710,I,c,c,c,c
711,711,assume,c,c,c,c
712,712,that,c,c,c,c
713,713,this,c,c,c,c
714,714,fact,c,c,c,c
715,715,attracted,c,c,c,c
716,716,people,c,c,c,c
717,717,very,c,c,c,c
718,718,much,c,c,c,c
719,719,.,c,c,c,c
720,720,In,c,c,c,c
721,721,addition,c,c,c,c
722,722,to,c,c,c,c
723,723,that,c,c,c,c
724,724,",",c,c,c,c
725,725,organising,c,c,c,c
726,726,one,c,c,c,c
727,727,weekend,c,c,c,c
728,728,with,c,c,c,c
729,729,special,c,c,c,c
730,730,price,c,c,c,c
731,731,tickets,c,c,c,c
732,732,was,c,c,c,c
733,733,particularly,c,c,c,c
734,734,good,c,c,c,c
735,735,.,c,c,c,c
736,736,I,c,c,c,c
737,737,personally,c,c,c,c
738,738,think,c,c,c,c
739,739,that,c,c,c,c
740,740,it,c,c,c,c
741,741,helped,c,c,c,c
742,742,many,c,c,c,c
743,743,people,c,c,c,c
744,744,who,c,c,c,c
745,745,were,c,c,c,c
746,746,not,c,c,c,c
747,747,able,c,c,c,c
748,748,to,c,c,c,c
749,749,afford,c,c,c,c
750,750,the,c,c,c,c
751,751,tickets,c,c,c,c
752,752,with,c,c,c,i
753,753,proper,c,c,c,i
754,754,price,c,c,c,c
755,755,to,c,c,c,c
756,756,come,c,c,c,c
757,757,to,c,c,c,c
758,758,the,c,c,c,c
759,759,festival,c,c,c,c
760,760,.,c,c,c,c
761,761,Moreover,c,c,c,c
762,762,",",c,c,c,c
763,763,most,c,c,c,c
764,764,of,c,c,c,c
765,765,the,c,c,c,c
766,766,events,c,c,c,c
767,767,I,c,c,c,c
768,768,went,c,c,c,c
769,769,to,c,c,c,c
770,770,were,c,c,c,c
771,771,fantastic,c,c,c,c
772,772,.,c,c,c,c
773,773,However,c,c,c,c
774,774,",",c,c,c,c
775,775,I,c,c,c,c
776,776,still,c,c,c,c
777,777,have,c,c,c,c
778,778,some,c,c,c,c
779,779,comments,c,c,c,c
780,780,to,c,c,c,c
781,781,make,c,c,c,c
782,782,to,c,c,c,c
783,783,improve,c,c,c,c
784,784,the,c,c,c,c
785,785,festival,c,c,c,c
786,786,next,c,c,c,c
787,787,year,c,c,c,c
788,788,.,c,c,c,c
789,789,The,c,c,c,c
790,790,festival,c,c,c,c
791,791,was,c,c,c,c
792,792,supposed,c,c,c,c
793,793,to,c,c,c,c
794,794,be,c,c,c,c
795,795,an,c,c,c,c
796,796,international,c,c,c,c
797,797,one,c,c,c,c
798,798,",",c,c,c,c
799,799,but,c,c,c,c
800,800,the,c,c,c,c
801,801,artists,c,c,c,c
802,802,and,c,c,c,c
803,803,stars,c,c,c,c
804,804,participated,i,c,c,i
805,805,in,c,c,c,c
806,806,it,c,c,c,c
807,807,were,c,c,c,c
808,808,from,c,c,c,c
809,809,six,c,c,c,c
810,810,countries,c,c,c,c
811,811,only,c,c,c,c
812,812,.,c,c,c,c
813,813,Thus,c,c,c,c
814,814,",",c,c,c,c
815,815,I,c,c,c,c
816,816,recommend,c,c,c,c
817,817,that,c,c,c,c
818,818,stars,c,c,c,c
819,819,and,c,c,c,c
820,820,artists,c,c,c,c
821,821,of,c,c,c,c
822,822,various,c,c,c,c
823,823,nationalities,c,c,c,c
824,824,should,c,c,c,c
825,825,be,c,c,c,c
826,826,invited,c,c,c,c
827,827,.,c,c,c,c
828,828,Also,c,c,c,c
829,829,",",c,c,c,c
830,830,some,c,c,c,c
831,831,of,c,c,c,c
832,832,the,c,c,c,c
833,833,concert,c,c,c,c
834,834,halls,c,c,c,c
835,835,where,c,c,c,c
836,836,the,c,c,c,c
837,837,musicians,c,c,c,c
838,838,performed,c,c,c,c
839,839,were,c,c,c,c
840,840,not,c,c,c,c
841,841,big,c,c,c,c
842,842,enough,c,c,c,c
843,843,for,c,c,c,c
844,844,the,c,c,c,c
845,845,vast,c,c,c,c
846,846,number,c,c,c,c
847,847,of,c,c,c,c
848,848,audiences,c,c,c,i
849,849,.,c,c,c,c
850,850,I,c,c,c,c
851,851,think,c,c,c,c
852,852,it,c,c,c,c
853,853,would,c,c,c,c
854,854,be,c,c,c,c
855,855,much,c,c,c,c
856,856,better,c,c,c,c
857,857,to,c,c,c,c
858,858,use,c,c,c,c
859,859,bigger,c,c,c,c
860,860,concert,c,c,c,c
861,861,halls,c,c,c,c
862,862,.,c,c,c,c
863,863,Furthermore,c,c,c,c
864,864,",",c,c,c,c
865,865,I,c,c,c,c
866,866,found,c,c,c,c
867,867,that,c,c,c,c
868,868,there,c,c,c,c
869,869,were,c,c,c,c
870,870,not,c,c,c,c
871,871,many,c,c,c,c
872,872,genres,c,c,c,c
873,873,of,i,i,i,i
874,874,neither,i,i,i,i
875,875,the,c,c,c,i
876,876,films,c,c,c,i
877,877,nor,c,i,c,i
878,878,the,c,c,c,c
879,879,plays,c,c,c,c
880,880,.,c,c,c,c
881,881,So,c,c,c,c
882,882,I,c,c,c,c
883,883,suggest,c,c,c,c
884,884,you,c,c,c,c
885,885,have,c,c,c,c
886,886,various,c,c,c,c
887,887,kinds,c,c,i,c
888,888,",",c,c,c,c
889,889,and,c,c,c,c
890,890,more,c,c,c,c
891,891,numbers,c,c,i,c
892,892,of,c,c,i,c
893,893,plays,c,c,c,c
894,894,and,c,c,c,c
895,895,films,c,c,c,c
896,896,next,c,c,c,c
897,897,year,c,c,c,c
898,898,.,c,c,c,c
899,899,I,c,c,c,c
900,900,hope,c,c,c,c
901,901,that,c,c,c,c
902,902,next,c,c,c,c
903,903,year,c,c,c,c
904,904,'s,c,c,c,c
905,905,festival,c,c,c,c
906,906,will,c,c,c,c
907,907,be,c,c,c,c
908,908,much,c,c,c,c
909,909,more,c,c,c,c
910,910,successful,c,c,c,c
911,911,that,i,c,i,i
912,912,this,c,c,c,c
913,913,year,c,c,c,c
914,914,'s,c,c,c,c
915,915,one,c,c,c,c
916,916,.,c,c,c,c
917,917,Yours,c,c,c,c
918,918,sincerely,c,c,c,c
919,919,",",c,c,c,c
920,920,The,c,c,i,c
921,921,Old,c,i,c,c
922,922,Man,c,c,c,c
923,923,and,c,c,c,c
924,924,the,c,c,c,c
925,925,Sea,c,c,c,c
926,926,People,c,c,c,c
927,927,all,c,c,c,c
928,928,have,c,c,c,c
929,929,different,c,c,c,c
930,930,opinions,c,c,c,c
931,931,about,c,c,c,c
932,932,books,c,c,c,c
933,933,.,c,c,c,c
934,934,Some,c,c,c,c
935,935,prefer,c,c,c,c
936,936,realistic,c,c,c,c
937,937,stories,c,c,c,c
938,938,whereas,c,c,c,c
939,939,others,c,c,c,c
940,940,do,c,c,c,i
941,941,unusual,c,c,c,c
942,942,ones,c,c,c,c
943,943,.,c,c,c,c
944,944,But,c,c,c,c
945,945,I,c,c,c,c
946,946,prefer,c,c,c,c
947,947,realistic,c,c,c,c
948,948,stories,c,c,c,c
949,949,such,c,c,c,c
950,950,as,c,c,c,c
951,951,Ernest,c,c,c,c
952,952,Hemingway,c,c,c,c
953,953,'s,c,c,c,c
954,954,"\""",c,c,c,c
955,955,The,c,c,c,c
956,956,Old,c,c,c,c
957,957,Man,c,c,c,c
958,958,and,c,c,c,c
959,959,the,c,c,c,c
960,960,Sea,c,c,c,c
961,961,',c,c,c,c
962,962,.,c,c,c,c
963,963,Above,c,c,c,c
964,964,all,c,c,c,c
965,965,",",c,c,c,c
966,966,realistic,c,c,c,c
967,967,stories,c,c,c,c
968,968,teach,c,c,c,c
969,969,me,c,c,c,c
970,970,something,c,c,c,c
971,971,of,c,c,c,i
972,972,the,c,c,c,c
973,973,life,c,c,c,c
974,974,",",c,c,c,c
975,975,or,c,c,c,c
976,976,at,c,c,c,c
977,977,least,c,c,c,c
978,978,influence,c,c,c,c
979,979,me,c,c,c,c
980,980,.,c,c,c,c
981,981,As,c,c,c,c
982,982,far,c,c,c,c
983,983,as,c,c,c,c
984,984,I,c,c,c,c
985,985,'m,c,c,c,c
986,986,concerned,c,c,c,c
987,987,",",c,c,c,c
988,988,my,c,c,c,c
989,989,behaviour,c,c,c,c
990,990,and,c,c,c,c
991,991,attitudes,c,c,c,c
992,992,towards,c,c,c,c
993,993,a,c,c,c,c
994,994,difficult,c,c,c,c
995,995,situation,c,c,c,c
996,996,began,c,c,c,c
997,997,to,c,c,c,c
998,998,change,c,c,c,c
999,999,after,c,c,c,c
1000,1000,reading,c,c,c,c
1001,1001,this,c,c,c,c
1002,1002,book,c,c,c,c
1003,1003,.,c,c,c,c
1004,1004,Here,c,c,c,c
1005,1005,",",c,c,c,c
1006,1006,the,c,c,c,c
1007,1007,fishman,c,c,c,c
1008,1008,is,c,c,c,c
1009,1009,very,c,c,c,c
1010,1010,old,c,c,c,c
1011,1011,",",c,c,c,c
1012,1012,but,c,c,c,c
1013,1013,he,c,c,c,c
1014,1014,is,c,c,c,c
1015,1015,still,c,c,c,c
1016,1016,challenging,c,c,c,c
1017,1017,to,c,c,c,c
1018,1018,everything,c,c,c,c
1019,1019,he,c,c,c,c
1020,1020,faces,c,c,c,c
1021,1021,.,c,c,c,c
1022,1022,When,c,c,c,c
1023,1023,he,c,c,c,c
1024,1024,caught,c,c,c,c
1025,1025,a,c,c,c,c
1026,1026,shark,c,c,c,c
1027,1027,which,c,c,c,c
1028,1028,was,c,c,c,c
1029,1029,bigger,c,c,c,c
1030,1030,than,c,c,c,c
1031,1031,the,c,c,c,c
1032,1032,ship,c,c,c,c
1033,1033,",",c,c,c,c
1034,1034,he,c,c,c,c
1035,1035,never,c,c,c,c
1036,1036,gave,c,c,c,c
1037,1037,up,c,c,c,c
1038,1038,taking,c,c,c,i
1039,1039,it,c,c,c,c
1040,1040,back,c,c,c,c
1041,1041,to,c,c,c,c
1042,1042,his,c,c,c,c
1043,1043,village,c,c,c,c
1044,1044,",",c,c,c,c
1045,1045,even,c,c,c,c
1046,1046,when,c,c,c,c
1047,1047,sharks,c,c,c,c
1048,1048,were,c,c,c,c
1049,1049,around,c,c,c,c
1050,1050,him,c,c,c,c
1051,1051,.,c,c,c,c
1052,1052,Real,c,c,c,c
1053,1053,stories,c,c,c,c
1054,1054,have,c,c,c,c
1055,1055,huge,c,c,c,c
1056,1056,impacts,i,c,c,c
1057,1057,on,c,c,c,c
1058,1058,me,c,c,c,c
1059,1059,",",c,c,c,c
1060,1060,and,c,c,c,c
1061,1061,affect,c,c,c,c
1062,1062,me,c,c,c,c
1063,1063,a,c,c,c,c
1064,1064,lot,c,c,c,c
1065,1065,",",c,c,c,c
1066,1066,often,c,c,c,c
1067,1067,in,c,c,c,c
1068,1068,good,c,c,c,c
1069,1069,ways,c,c,c,c
1070,1070,.,c,c,c,c
1071,1071,In,c,c,c,c
1072,1072,addition,c,c,c,c
1073,1073,to,c,c,c,c
1074,1074,that,c,c,c,c
1075,1075,",",c,c,c,c
1076,1076,realistic,c,c,c,c
1077,1077,stories,c,c,c,c
1078,1078,are,c,c,c,c
1079,1079,more,c,c,c,c
1080,1080,attractive,c,c,c,c
1081,1081,",",c,c,c,c
1082,1082,I,c,c,c,c
1083,1083,personally,c,c,c,c
1084,1084,do,c,c,c,c
1085,1085,n't,c,c,c,c
1086,1086,want,c,c,c,c
1087,1087,to,c,c,c,c
1088,1088,hear,c,c,c,c
1089,1089,stories,c,c,c,c
1090,1090,about,c,c,c,c
1091,1091,very,c,c,c,c
1092,1092,peculiar,c,c,c,c
1093,1093,incidents,c,c,c,c
1094,1094,as,c,c,c,c
1095,1095,I,c,c,c,c
1096,1096,know,c,c,c,c
1097,1097,they,c,c,c,c
1098,1098,can,c,c,c,c
1099,1099,not,c,c,c,c
1100,1100,be,c,c,c,c
1101,1101,true,c,c,c,c
1102,1102,.,c,c,c,c
1103,1103,But,c,c,c,c
1104,1104,",",c,c,c,c
1105,1105,while,c,c,c,c
1106,1106,reading,c,c,c,c
1107,1107,realistic,c,c,c,c
1108,1108,stories,c,c,c,c
1109,1109,",",c,c,c,c
1110,1110,I,c,c,c,c
1111,1111,just,c,c,c,c
1112,1112,fall,c,c,c,c
1113,1113,deep,c,c,c,c
1114,1114,into,c,c,c,c
1115,1115,the,c,c,c,c
1116,1116,story,c,c,c,c
1117,1117,",",c,c,c,c
1118,1118,into,c,c,c,c
1119,1119,the,c,c,c,c
1120,1120,writer,c,c,c,c
1121,1121,'s,c,c,c,c
1122,1122,own,c,c,c,c
1123,1123,world,c,c,c,c
1124,1124,.,c,c,c,c
1125,1125,Ernest,c,c,c,c
1126,1126,Hemingway,c,c,c,c
1127,1127,'s,c,c,c,c
1128,1128,sentences,c,c,c,c
1129,1129,are,c,c,c,c
1130,1130,precise,c,c,c,c
1131,1131,",",c,c,c,c
1132,1132,but,c,c,c,c
1133,1133,still,c,c,c,c
1134,1134,very,c,c,c,c
1135,1135,powerful,c,c,c,c
1136,1136,and,c,c,c,c
1137,1137,alive,c,c,c,c
1138,1138,.,c,c,c,c
1139,1139,So,c,c,c,c
1140,1140,when,c,c,c,c
1141,1141,I,c,c,c,c
1142,1142,read,c,c,c,c
1143,1143,other,c,c,c,i
1144,1144,sharks,c,c,c,c
1145,1145,eating,c,c,c,c
1146,1146,the,c,c,c,c
1147,1147,shark,c,c,c,c
1148,1148,the,c,c,c,c
1149,1149,old,c,c,c,c
1150,1150,man,c,c,c,c
1151,1151,had,c,c,c,c
1152,1152,caught,c,c,c,c
1153,1153,",",c,c,c,c
1154,1154,I,c,c,c,c
1155,1155,got,c,c,c,c
1156,1156,very,c,c,c,c
1157,1157,angry,c,c,c,c
1158,1158,and,c,c,c,c
1159,1159,annoyed,c,c,c,c
1160,1160,.,c,c,c,c
1161,1161,Realistic,c,c,c,c
1162,1162,stories,c,c,c,c
1163,1163,thus,c,c,c,c
1164,1164,",",c,c,c,c
1165,1165,develop,c,c,c,c
1166,1166,our,c,c,c,c
1167,1167,imagination,c,c,c,c
1168,1168,and,c,c,c,c
1169,1169,creativity,c,c,c,c
1170,1170,",",c,c,c,c
1171,1171,which,c,c,c,c
1172,1172,are,c,c,c,c
1173,1173,essential,c,c,c,c
1174,1174,in,c,c,c,c
1175,1175,our,c,c,c,c
1176,1176,lives,c,c,c,c
1177,1177,.,c,c,c,c
1178,1178,We,c,c,c,c
1179,1179,all,c,c,c,c
1180,1180,learn,c,c,c,c
1181,1181,from,c,c,c,c
1182,1182,reading,c,c,c,c
1183,1183,books,c,c,c,c
1184,1184,",",c,c,c,c
1185,1185,but,c,c,c,c
1186,1186,realistic,c,c,c,c
1187,1187,stories,c,c,c,c
1188,1188,have,c,c,c,c
1189,1189,more,c,c,c,c
1190,1190,influence,c,c,c,c
1191,1191,on,c,c,c,c
1192,1192,me,c,c,c,c
1193,1193,and,c,c,c,c
1194,1194,develop,c,c,c,c
1195,1195,my,c,c,c,c
1196,1196,personality,c,c,c,c
1197,1197,.,c,c,c,c
1198,1198,That,c,c,c,c
1199,1199,'s,c,c,c,c
1200,1200,why,c,c,c,c
1201,1201,I,c,c,c,c
1202,1202,prefer,c,c,c,c
1203,1203,realistic,c,c,c,c
1204,1204,stories,c,c,c,c
1205,1205,to,c,c,c,c
1206,1206,unusual,c,c,c,c
1207,1207,ones,c,c,c,c
1208,1208,.,c,c,c,c
1209,1209,17th,c,c,i,c
1210,1210,June,c,c,i,c
1211,1211,2000,c,c,i,c
1212,1212,Dear,c,c,c,c
1213,1213,Sir,c,c,c,c
1214,1214,",",c,c,c,c
1215,1215,I,c,c,c,c
1216,1216,would,c,c,c,c
1217,1217,like,c,c,c,c
1218,1218,to,c,c,c,c
1219,1219,complain,c,c,c,c
1220,1220,about,c,c,c,c
1221,1221,a,c,c,c,c
1222,1222,musical,c,c,c,c
1223,1223,show,c,c,c,c
1224,1224,.,c,c,c,c
1225,1225,Yours,c,c,c,c
1226,1226,sincerely,c,c,c,i
1227,1227,",",c,c,c,c
1228,1228,Boo,c,c,c,c
1229,1229,Sersuwan,c,c,c,c
1230,1230,.,c,c,c,c
1231,1231,I,c,c,c,c
1232,1232,think,c,c,c,c
1233,1233,in,c,c,c,c
1234,1234,the,c,c,c,c
1235,1235,next,c,c,c,c
1236,1236,100,c,c,c,c
1237,1237,years,c,c,c,c
1238,1238,people,c,c,c,c
1239,1239,will,c,c,c,c
1240,1240,wear,c,c,c,c
1241,1241,the,c,c,c,c
1242,1242,space,c,c,c,c
1243,1243,clothes,c,c,i,c
1244,1244,with,c,c,c,c
1245,1245,small,c,c,c,i
1246,1246,engine,c,c,c,c
1247,1247,in,c,c,c,c
1248,1248,the,c,c,c,c
1249,1249,back,c,c,c,c
1250,1250,.,c,c,c,c
1251,1251,because,i,c,c,c
1252,1252,of,c,c,c,c
1253,1253,the,c,c,c,c
1254,1254,atmosphere,c,c,c,c
1255,1255,.,c,c,c,c
1256,1256,The,c,c,c,c
1257,1257,atmosphere,c,c,c,c
1258,1258,in,c,c,c,i
1259,1259,the,c,c,c,c
1260,1260,earth,c,c,c,c
1261,1261,now,c,c,c,i
1262,1262,starting,i,c,i,i
1263,1263,badly,i,i,i,c
1264,1264,every,c,c,c,c
1265,1265,years,c,c,c,i
1266,1266,.,c,c,c,c
1267,1267,The,c,c,c,c
1268,1268,carbon,c,c,c,i
1269,1269,dioxide,c,c,i,c
1270,1270,are,i,c,c,i
1271,1271,growing,c,c,c,c
1272,1272,very,c,c,c,c
1273,1273,fast,c,c,c,c
1274,1274,and,c,c,c,c
1275,1275,people,c,c,c,c
1276,1276,cut,c,c,c,c
1277,1277,more,c,c,c,i
1278,1278,trees,c,c,c,c
1279,1279,",",c,c,c,c
1280,1280,therefore,c,i,c,c
1281,1281,not,c,c,c,i
1282,1282,enough,c,c,c,c
1283,1283,trees,c,c,c,c
1284,1284,to,c,c,c,c
1285,1285,such,i,i,c,i
1286,1286,carbon,c,c,c,c
1287,1287,dioxide,c,c,c,c
1288,1288,and,c,c,c,c
1289,1289,produce,c,c,c,c
1290,1290,oxygen,c,c,c,c
1291,1291,.,c,c,c,c
1292,1292,The,c,c,c,c
1293,1293,designer,c,c,c,i
1294,1294,will,c,c,c,c
1295,1295,have,c,c,c,c
1296,1296,a,c,c,c,c
1297,1297,lot,c,c,c,c
1298,1298,of,c,c,c,c
1299,1299,idea,i,c,c,i
1300,1300,for,c,c,c,i
1301,1301,how,c,c,c,c
1302,1302,to,c,c,c,c
1303,1303,make,c,c,c,c
1304,1304,very,c,c,c,c
1305,1305,nice,c,c,c,c
1306,1306,and,c,c,c,c
1307,1307,useful,c,c,c,c
1308,1308,clothes,c,c,c,c
1309,1309,.,c,c,c,c
1310,1310,I,c,c,c,c
1311,1311,think,c,c,c,c
1312,1312,if,c,c,c,c
1313,1313,we,c,c,c,c
1314,1314,wear,c,c,c,c
1315,1315,this,c,c,c,i
1316,1316,clothes,c,c,c,c
1317,1317,we,c,c,c,c
1318,1318,will,c,c,c,c
1319,1319,travel,c,c,c,c
1320,1320,to,c,c,c,c
1321,1321,every,c,c,c,i
1322,1322,where,c,c,c,i
1323,1323,easier,c,c,c,c
1324,1324,than,c,c,c,c
1325,1325,we,c,c,c,c
1326,1326,use,c,c,c,c
1327,1327,cars,c,c,c,c
1328,1328,",",c,c,c,c
1329,1329,ships,c,c,c,c
1330,1330,",",c,c,c,c
1331,1331,planes,c,c,c,c
1332,1332,and,c,c,c,c
1333,1333,space,c,c,c,i
1334,1334,ships,c,c,c,i
1335,1335,.,c,c,c,c
1336,1336,This,c,c,c,c
1337,1337,mean,i,c,c,i
1338,1338,the,c,c,c,c
1339,1339,engineering,c,c,c,c
1340,1340,will,c,c,c,c
1341,1341,find,c,c,c,c
1342,1342,the,c,c,c,c
1343,1343,way,c,c,c,c
1344,1344,to,c,c,c,c
1345,1345,useless,i,i,i,c
1346,1346,petrol,c,c,c,c
1347,1347,for,c,c,i,c
1348,1348,it,c,c,c,c
1349,1349,",",c,c,c,c
1350,1350,so,c,c,c,c
1351,1351,it,c,c,c,c
1352,1352,must,c,c,c,c
1353,1353,useful,i,c,c,c
1354,1354,in,c,c,c,c
1355,1355,the,c,c,c,c
1356,1356,future,c,c,c,c
1357,1357,.,c,c,c,c
1358,1358,I,c,c,c,c
1359,1359,think,c,c,c,c
1360,1360,somebody,c,c,c,c
1361,1361,will,c,c,c,c
1362,1362,make,c,c,c,c
1363,1363,a,c,c,c,c
1364,1364,very,c,c,c,c
1365,1365,big,c,c,c,c
1366,1366,area,c,c,c,c
1367,1367,to,c,c,c,c
1368,1368,grow,c,c,c,c
1369,1369,plant,c,c,c,i
1370,1370,because,c,c,c,i
1371,1371,they,c,c,c,c
1372,1372,can,c,c,c,c
1373,1373,sell,c,c,c,c
1374,1374,the,c,c,c,c
1375,1375,oxygen,c,c,c,c
1376,1376,.,c,c,c,c
1377,1377,This,c,c,c,c
1378,1378,is,c,c,c,i
1379,1379,a,c,c,c,c
1380,1380,new,c,c,c,c
1381,1381,business,c,c,c,c
1382,1382,.,c,c,c,c
1383,1383,Sometimes,c,c,c,c
1384,1384,being,c,c,c,c
1385,1385,famous,c,c,c,c
1386,1386,can,c,c,c,c
1387,1387,get,c,c,c,c
1388,1388,stress,i,c,i,i
1389,1389,",",c,c,c,c
1390,1390,everywhere,c,c,c,i
1391,1391,they,c,c,c,c
1392,1392,go,c,c,c,c
1393,1393,there,c,c,c,c
1394,1394,are,c,c,c,c
1395,1395,people,c,c,c,c
1396,1396,around,c,c,c,c
1397,1397,them,c,c,c,c
1398,1398,",",c,c,c,c
1399,1399,especially,c,c,c,c
1400,1400,journalists,c,c,c,c
1401,1401,",",c,c,c,c
1402,1402,trying,c,c,c,c
1403,1403,to,c,c,c,c
1404,1404,ask,c,c,c,c
1405,1405,millions,c,c,i,c
1406,1406,questions,c,c,c,i
1407,1407,.,c,c,c,c
1408,1408,Famous,c,c,c,c
1409,1409,people,c,c,c,c
1410,1410,deserve,c,c,c,c
1411,1411,to,c,c,c,c
1412,1412,have,c,c,c,c
1413,1413,freedom,c,c,c,c
1414,1414,to,c,c,c,c
1415,1415,do,c,c,c,c
1416,1416,whatever,c,c,c,c
1417,1417,they,c,c,c,c
1418,1418,want,c,c,c,c
1419,1419,",",c,c,c,c
1420,1420,but,c,c,c,c
1421,1421,it,c,c,c,c
1422,1422,is,c,c,c,c
1423,1423,quite,c,c,c,c
1424,1424,difficult,c,c,c,c
1425,1425,to,c,c,c,c
1426,1426,do,c,c,c,c
1427,1427,thing,i,c,i,i
1428,1428,in,c,c,c,c
1429,1429,a,c,c,c,c
1430,1430,public,c,c,c,c
1431,1431,places,i,i,i,c
1432,1432,",",c,c,c,c
1433,1433,because,c,c,c,c
1434,1434,nobody,c,c,c,c
1435,1435,like,i,c,i,i
1436,1436,famous,c,c,c,i
1437,1437,politicians,c,c,i,c
1438,1438,or,c,c,c,c
1439,1439,film,c,c,c,c
1440,1440,stars,c,c,c,c
1441,1441,without,c,c,c,c
1442,1442,asking,c,c,c,c
1443,1443,questions,c,c,c,c
1444,1444,.,c,c,c,c
1445,1445,On,c,c,c,c
1446,1446,the,c,c,c,c
1447,1447,whole,c,c,c,c
1448,1448,",",c,c,c,c
1449,1449,to,c,c,c,i
1450,1450,be,c,c,c,i
1451,1451,rich,c,c,c,c
1452,1452,and,c,c,c,c
1453,1453,famous,c,c,c,c
1454,1454,do,c,i,c,i
1455,1455,n't,c,c,c,c
1456,1456,always,c,c,c,c
1457,1457,bring,c,c,c,c
1458,1458,happeness,i,i,i,i
1459,1459,",",c,c,c,c
1460,1460,whereas,c,c,c,c
1461,1461,the,c,c,c,c
1462,1462,majority,c,c,c,c
1463,1463,of,c,c,c,c
1464,1464,the,c,c,c,c
1465,1465,population,c,c,c,c
1466,1466,wish,c,c,c,c
1467,1467,they,c,c,c,c
1468,1468,were,c,c,c,c
1469,1469,rich,c,c,c,c
1470,1470,and,c,c,c,c
1471,1471,famous,c,c,c,c
1472,1472,.,c,c,c,c
1473,1473,Dear,c,c,c,c
1474,1474,Sir,c,c,c,c
1475,1475,or,c,c,c,c
1476,1476,Madam,c,c,c,c
1477,1477,I,c,c,c,c
1478,1478,am,c,c,c,c
1479,1479,writing,c,c,c,c
1480,1480,to,c,c,c,c
1481,1481,complain,c,c,c,c
1482,1482,about,i,c,c,c
1483,1483,the,c,c,c,c
1484,1484,musical,c,c,c,c
1485,1485,show,c,c,c,c
1486,1486,"\""",c,c,c,c
1487,1487,Over,c,c,c,c
1488,1488,the,c,c,c,c
1489,1489,rainbow,c,c,c,c
1490,1490,"\""",c,c,c,c
1491,1491,which,c,c,c,c
1492,1492,was,c,c,c,c
1493,1493,performed,c,c,c,c
1494,1494,in,c,c,c,c
1495,1495,your,c,c,c,c
1496,1496,theatre,c,c,c,c
1497,1497,two,c,c,c,c
1498,1498,weeks,c,c,c,c
1499,1499,ago,c,c,c,c
1500,1500,.,c,c,c,c
1501,1501,I,c,c,c,c
1502,1502,went,c,c,c,c
1503,1503,to,c,c,c,c
1504,1504,see,c,c,c,c
1505,1505,it,c,c,c,c
1506,1506,on,c,c,c,c
1507,1507,5th,c,c,c,c
1508,1508,June,c,c,c,c
1509,1509,2000,c,c,c,c
1510,1510,.,c,c,c,c
1511,1511,First,c,c,c,c
1512,1512,of,c,c,c,c
1513,1513,all,c,c,c,c
1514,1514,that,c,c,c,i
1515,1515,evening,c,c,c,i
1516,1516,there,c,c,c,i
1517,1517,was,c,c,c,i
1518,1518,not,c,c,c,i
1519,1519,Danny,c,c,c,i
1520,1520,Brook,c,c,c,i
1521,1521,but,c,c,c,c
1522,1522,an,c,c,c,c
1523,1523,unknown,c,c,c,c
1524,1524,and,c,c,c,c
1525,1525,not,c,c,c,c
1526,1526,very,c,c,c,c
1527,1527,good,c,c,c,c
1528,1528,actor,c,c,c,c
1529,1529,.,c,c,c,c
1530,1530,Secondly,c,c,c,c
1531,1531,the,c,c,c,c
1532,1532,show,c,c,c,c
1533,1533,started,c,c,c,c
1534,1534,45,c,c,c,c
1535,1535,minutes,c,c,c,c
1536,1536,late,c,c,c,c
1537,1537,.,c,c,c,c
1538,1538,Then,c,c,c,c
1539,1539,at,c,c,c,c
1540,1540,the,c,c,c,c
1541,1541,tickets,c,c,c,i
1542,1542,-,c,c,c,i
1543,1543,office,c,c,i,c
1544,1544,I,c,c,c,c
1545,1545,was,c,c,c,c
1546,1546,said,c,c,c,i
1547,1547,that,c,c,c,c
1548,1548,no,c,c,c,c
1549,1549,discounts,c,c,c,c
1550,1550,were,c,c,c,c
1551,1551,available,c,c,c,c
1552,1552,so,c,c,c,c
1553,1553,I,c,c,c,c
1554,1554,had,c,c,c,c
1555,1555,to,c,c,c,c
1556,1556,pay,c,c,c,c
1557,1557,the,c,c,c,c
1558,1558,full,c,c,c,c
1559,1559,prize,c,c,c,i
1560,1560,despite,i,c,c,c
1561,1561,I,c,c,c,i
1562,1562,am,c,c,c,c
1563,1563,a,c,c,c,c
1564,1564,student,c,c,c,c
1565,1565,.,c,c,c,c
1566,1566,Finally,c,c,c,c
1567,1567,I,c,c,c,c
1568,1568,would,c,c,c,c
1569,1569,have,c,c,c,c
1570,1570,had,c,c,c,c
1571,1571,dinner,c,c,c,c
1572,1572,at,c,c,c,c
1573,1573,the,c,c,c,c
1574,1574,theatre,c,c,c,c
1575,1575,restaurant,c,c,c,c
1576,1576,if,c,c,c,c
1577,1577,it,c,c,c,c
1578,1578,had,c,c,c,c
1579,1579,not,c,c,c,c
1580,1580,been,c,c,c,i
1581,1581,already,c,c,c,i
1582,1582,closed,c,c,c,c
1583,1583,because,c,c,c,c
1584,1584,the,c,c,c,c
1585,1585,show,c,c,c,c
1586,1586,finished,c,c,c,c
1587,1587,",",c,c,c,c
1588,1588,obviously,c,c,c,c
1589,1589,",",c,c,c,c
1590,1590,late,c,c,c,c
1591,1591,.,c,c,c,c
1592,1592,I,c,c,c,c
1593,1593,am,c,c,c,c
1594,1594,really,c,c,c,c
1595,1595,not,c,c,c,c
1596,1596,satisfied,c,c,c,c
1597,1597,with,c,c,c,c
1598,1598,the,c,c,c,c
1599,1599,show,c,c,c,i
1600,1600,-,c,c,c,i
1601,1601,organization,c,c,i,i
1602,1602,particularly,c,c,c,c
1603,1603,because,c,c,c,c
1604,1604,in,c,c,c,c
1605,1605,the,c,c,c,c
1606,1606,advertisement,c,c,c,c
1607,1607,you,c,c,c,c
1608,1608,wrote,c,c,c,c
1609,1609,something,c,c,c,c
1610,1610,different,c,c,c,i
1611,1611,.,c,c,c,c
1612,1612,Without,c,c,c,c
1613,1613,any,c,c,c,c
1614,1614,thought,c,c,c,c
1615,1615,",",c,c,c,c
1616,1616,I,c,c,c,c
1617,1617,ran,c,c,c,c
1618,1618,quickly,c,c,c,c
1619,1619,like,c,c,c,c
1620,1620,a,c,c,c,c
1621,1621,swallow,c,c,c,c
1622,1622,.,c,c,c,c
1623,1623,Then,c,c,c,c
1624,1624,",",c,c,c,c
1625,1625,he,i,c,c,c
1626,1626,tried,c,c,c,c
1627,1627,to,c,c,c,c
1628,1628,go,c,c,c,c
1629,1629,over,c,c,c,c
1630,1630,the,c,c,c,c
1631,1631,wall,c,c,c,c
1632,1632,",",c,c,c,c
1633,1633,I,c,c,c,c
1634,1634,held,c,c,c,c
1635,1635,his,c,c,c,c
1636,1636,leg,c,c,c,c
1637,1637,.,c,c,c,c
1638,1638,He,c,c,c,c
1639,1639,fell,c,c,c,c
1640,1640,down,c,c,c,c
1641,1641,and,c,c,c,c
1642,1642,we,c,c,c,c
1643,1643,had,c,c,c,c
1644,1644,to,c,c,c,c
1645,1645,stare,c,c,c,c
1646,1646,at,c,c,c,c
1647,1647,each,c,c,c,c
1648,1648,other,c,c,c,c
1649,1649,.,c,c,c,c
1650,1650,After,c,c,c,c
1651,1651,we,c,c,c,c
1652,1652,fought,c,c,c,c
1653,1653,for,c,c,c,c
1654,1654,a,c,c,c,c
1655,1655,minute,c,c,c,c
1656,1656,",",c,c,c,c
1657,1657,I,c,c,c,c
1658,1658,was,c,c,c,c
1659,1659,able,c,c,c,c
1660,1660,to,c,c,c,c
1661,1661,arrest,c,c,c,c
1662,1662,him,c,c,c,c
1663,1663,.,c,c,c,c
1664,1664,As,c,c,c,c
1665,1665,a,c,c,c,c
1666,1666,result,c,c,c,c
1667,1667,",",c,c,c,c
1668,1668,I,c,c,c,c
1669,1669,could,c,c,c,c
1670,1670,go,c,c,c,c
1671,1671,on,c,c,c,c
1672,1672,vacation,c,c,c,c
1673,1673,.,c,c,c,c
1674,1674,When,c,c,c,c
1675,1675,I,c,c,c,c
1676,1676,said,c,c,c,i
1677,1677,to,c,c,c,i
1678,1678,my,c,c,c,c
1679,1679,mother,c,c,c,c
1680,1680,",",c,c,c,c
1681,1681,she,c,c,c,c
1682,1682,asked,c,c,c,c
1683,1683,me,c,c,c,c
1684,1684,not,c,c,c,c
1685,1685,to,c,c,c,c
1686,1686,do,c,c,c,c
1687,1687,it,c,c,c,c
1688,1688,again,c,c,c,c
1689,1689,.,c,c,c,c
1690,1690,But,c,c,c,c
1691,1691,",",c,c,c,c
1692,1692,I,c,c,c,c
1693,1693,was,c,c,c,c
1694,1694,a,c,c,c,c
1695,1695,police,c,c,c,i
1696,1696,-,c,c,c,i
1697,1697,man,c,c,c,i
1698,1698,.,c,c,c,c
1699,1699,Therefore,c,c,c,c
1700,1700,",",c,c,c,c
1701,1701,I,c,c,c,c
1702,1702,had,c,c,c,c
1703,1703,to,c,c,c,c
1704,1704,do,c,c,c,c
1705,1705,it,c,c,c,c
1706,1706,in,c,c,c,c
1707,1707,spite,c,c,c,c
1708,1708,of,c,c,c,c
1709,1709,it,c,c,c,c
1710,1710,being,c,c,c,c
1711,1711,dangerous,c,c,c,c
1712,1712,.,c,c,c,c
1713,1713,Dear,c,c,c,c
1714,1714,Competition,c,c,c,c
1715,1715,Organiser,c,c,c,c
1716,1716,",",c,c,c,c
1717,1717,I,c,c,c,c
1718,1718,am,c,c,c,c
1719,1719,writing,c,c,c,c
1720,1720,to,c,c,c,c
1721,1721,replay,i,i,i,i
1722,1722,your,c,c,c,i
1723,1723,letter,c,c,c,c
1724,1724,and,c,c,c,c
1725,1725,to,c,c,c,c
1726,1726,ask,c,c,c,c
1727,1727,more,c,c,c,i
1728,1728,details,c,c,c,c
1729,1729,about,c,c,c,c
1730,1730,the,c,c,c,c
1731,1731,competition,c,c,c,c
1732,1732,.,c,c,c,c
1733,1733,Firstly,c,c,c,c
1734,1734,",",c,c,c,c
1735,1735,I,c,c,c,c
1736,1736,would,c,c,c,c
1737,1737,like,c,c,c,c
1738,1738,to,c,c,c,c
1739,1739,say,c,c,c,c
1740,1740,that,c,c,c,c
1741,1741,I,c,c,c,c
1742,1742,'m,c,i,c,c
1743,1743,very,c,c,c,c
1744,1744,glad,c,c,c,c
1745,1745,to,c,c,c,c
1746,1746,have,c,c,c,c
1747,1747,been,c,c,c,c
1748,1748,choosen,c,i,i,i
1749,1749,and,c,c,c,c
1750,1750,I,c,c,c,c
1751,1751,will,c,c,c,c
1752,1752,do,c,c,c,c
1753,1753,my,c,c,c,c
1754,1754,best,c,c,c,c
1755,1755,for,c,c,c,c
1756,1756,this,c,c,c,c
1757,1757,competition,c,c,c,c
1758,1758,.,c,c,c,c
1759,1759,As,c,c,c,c
1760,1760,you,c,c,c,c
1761,1761,asked,c,c,c,c
1762,1762,in,c,c,c,c
1763,1763,the,c,c,c,c
1764,1764,letter,c,c,c,c
1765,1765,",",c,c,c,c
1766,1766,I,c,c,c,c
1767,1767,would,c,c,c,c
1768,1768,like,c,c,c,c
1769,1769,to,c,c,c,c
1770,1770,travel,c,c,c,c
1771,1771,only,c,c,c,c
1772,1772,on,c,c,c,i
1773,1773,july,i,i,i,i
1774,1774,because,c,c,c,c
1775,1775,I,c,c,c,c
1776,1776,work,c,c,c,c
1777,1777,at,c,c,c,c
1778,1778,the,c,c,c,c
1779,1779,central,c,c,c,c
1780,1780,library,c,c,c,c
1781,1781,and,c,c,c,c
1782,1782,I,c,c,c,c
1783,1783,'m,c,c,c,c
1784,1784,also,c,c,c,c
1785,1785,having,c,c,c,c
1786,1786,English,c,c,c,c
1787,1787,classes,c,c,c,c
1788,1788,",",c,c,c,c
1789,1789,so,c,c,c,c
1790,1790,I,c,c,c,c
1791,1791,will,c,c,c,c
1792,1792,just,c,c,c,c
1793,1793,have,c,c,c,c
1794,1794,holidays,c,c,c,c
1795,1795,on,c,c,c,i
1796,1796,July,c,c,c,c
1797,1797,.,c,c,c,c
1798,1798,Is,c,c,c,c
1799,1799,it,c,c,c,i
1800,1800,suitable,c,c,c,c
1801,1801,for,c,c,c,c
1802,1802,you,c,c,i,c
1803,1803,?,c,c,c,c
1804,1804,As,c,c,c,c
1805,1805,you,c,c,c,c
1806,1806,mentioned,c,c,c,c
1807,1807,about,i,c,c,c
1808,1808,the,c,c,c,c
1809,1809,accomodation,c,i,c,i
1810,1810,",",c,c,c,c
1811,1811,I,c,c,c,c
1812,1812,would,c,c,c,c
1813,1813,prefer,c,c,c,c
1814,1814,stay,i,c,c,i
1815,1815,in,c,c,c,c
1816,1816,the,c,c,c,i
1817,1817,tents,c,c,c,i
1818,1818,",",c,c,c,c
1819,1819,because,c,c,c,c
1820,1820,it,c,c,c,c
1821,1821,'s,c,c,c,c
1822,1822,more,c,c,c,c
1823,1823,exciting,c,c,c,c
1824,1824,and,c,c,c,c
1825,1825,I,c,c,c,c
1826,1826,really,c,c,c,c
1827,1827,love,c,c,c,c
1828,1828,camping,c,c,c,c
1829,1829,.,c,c,c,c
1830,1830,I,c,c,c,c
1831,1831,examined,c,c,c,c
1832,1832,all,c,c,c,c
1833,1833,the,c,c,c,c
1834,1834,activities,c,c,c,c
1835,1835,that,c,c,c,c
1836,1836,you,c,c,c,c
1837,1837,listed,c,c,c,c
1838,1838,and,c,c,c,c
1839,1839,I,c,c,c,c
1840,1840,was,c,c,c,c
1841,1841,disappointed,c,c,c,c
1842,1842,to,c,c,c,c
1843,1843,have,c,c,c,c
1844,1844,to,c,c,c,c
1845,1845,chose,i,i,i,i
1846,1846,just,c,c,c,c
1847,1847,two,c,c,c,c
1848,1848,of,c,c,c,c
1849,1849,them,c,c,c,c
1850,1850,because,c,c,c,c
1851,1851,in,c,c,c,c
1852,1852,my,c,c,c,c
1853,1853,opinion,c,c,c,c
1854,1854,I,c,c,c,c
1855,1855,'m,c,c,c,c
1856,1856,good,c,c,c,c
1857,1857,in,c,c,c,i
1858,1858,almost,c,c,c,c
1859,1859,of,c,i,c,i
1860,1860,this,c,c,c,i
1861,1861,activities,c,c,i,c
1862,1862,.,c,c,c,c
1863,1863,However,c,c,c,c
1864,1864,",",c,c,c,c
1865,1865,I,c,c,c,c
1866,1866,would,c,c,c,c
1867,1867,choose,c,c,c,c
1868,1868,sailing,c,c,c,c
1869,1869,because,c,c,c,c
1870,1870,I,c,c,c,c
1871,1871,am,c,c,c,c
1872,1872,facinating,i,i,i,i
1873,1873,with,c,c,c,c
1874,1874,the,c,c,c,c
1875,1875,sea,c,c,c,c
1876,1876,and,c,c,c,c
1877,1877,it,c,c,c,i
1878,1878,'s,c,c,c,i
1879,1879,misteries,c,c,c,i
1880,1880,and,c,c,c,c
1881,1881,I,c,c,c,c
1882,1882,also,c,c,c,c
1883,1883,like,c,c,c,c
1884,1884,the,c,c,c,c
1885,1885,watter,i,i,i,i
1886,1886,",",c,c,c,c
1887,1887,the,c,c,c,c
1888,1888,wind,c,c,c,c
1889,1889,in,c,c,c,c
1890,1890,my,c,c,c,c
1891,1891,face,c,c,c,c
1892,1892,...,c,c,c,c
1893,1893,The,c,c,c,c
1894,1894,other,c,c,c,c
1895,1895,one,c,c,c,c
1896,1896,I,c,c,c,c
1897,1897,would,c,c,c,c
1898,1898,choose,c,c,c,c
1899,1899,is,c,c,c,c
1900,1900,basketball,c,c,c,c
1901,1901,becouse,i,i,i,i
1902,1902,I,c,c,c,c
1903,1903,'m,c,c,c,c
1904,1904,tall,c,c,c,c
1905,1905,and,c,c,c,c
1906,1906,very,c,c,c,c
1907,1907,fast,c,c,c,c
1908,1908,with,c,c,c,c
1909,1909,the,c,c,c,c
1910,1910,ball,c,c,c,c
1911,1911,.,c,c,c,c
1912,1912,Finally,c,c,c,c
1913,1913,I,c,c,c,c
1914,1914,would,c,c,c,c
1915,1915,like,c,c,c,c
1916,1916,to,c,c,c,c
1917,1917,know,c,c,c,c
1918,1918,what,c,c,c,c
1919,1919,kind,c,c,c,c
1920,1920,of,c,c,c,c
1921,1921,clothes,c,c,c,c
1922,1922,are,c,c,c,i
1923,1923,we,c,c,c,i
1924,1924,supposed,c,c,c,c
1925,1925,to,c,c,c,c
1926,1926,wear,c,c,c,c
1927,1927,there,c,c,c,c
1928,1928,",",c,c,c,c
1929,1929,and,c,c,c,c
1930,1930,about,c,c,c,c
1931,1931,the,c,c,c,c
1932,1932,money,c,c,c,c
1933,1933,we,c,c,c,c
1934,1934,are,c,c,c,c
1935,1935,supposed,c,c,c,c
1936,1936,to,c,c,c,i
1937,1937,pay,c,c,c,c
1938,1938,for,c,c,c,c
1939,1939,food,c,c,c,c
1940,1940,and,c,c,c,c
1941,1941,things,c,c,c,c
1942,1942,like,c,c,c,c
1943,1943,that,c,c,c,c
1944,1944,.,c,c,c,c
1945,1945,I,c,c,c,c
1946,1946,'m,c,c,c,c
1947,1947,looking,c,c,c,c
1948,1948,forward,c,c,c,c
1949,1949,to,c,c,c,c
1950,1950,receiving,c,c,c,c
1951,1951,your,c,c,c,c
1952,1952,prompt,c,c,c,c
1953,1953,replay,i,c,i,i
1954,1954,.,c,c,c,c
1955,1955,sincerely,c,c,c,c
1956,1956,Clara,c,c,c,c
1957,1957,Dear,c,c,c,c
1958,1958,Kim,c,c,c,c
1959,1959,",",c,c,c,c
1960,1960,I,c,c,c,c
1961,1961,am,c,c,c,c
1962,1962,writing,c,c,c,c
1963,1963,to,c,c,c,c
1964,1964,tell,c,c,c,c
1965,1965,you,c,c,c,c
1966,1966,some,c,c,c,c
1967,1967,news,c,c,c,c
1968,1968,and,c,c,c,c
1969,1969,to,c,c,c,c
1970,1970,ask,c,c,c,c
1971,1971,a,c,c,c,c
1972,1972,little,c,c,c,c
1973,1973,bit,c,c,c,c
1974,1974,about,c,c,c,c
1975,1975,you,c,c,c,c
1976,1976,.,c,c,c,c
1977,1977,First,c,c,c,c
1978,1978,of,c,c,c,c
1979,1979,all,c,c,c,c
1980,1980,",",c,c,c,c
1981,1981,I,c,c,c,c
1982,1982,'m,c,c,c,c
1983,1983,going,c,c,c,c
1984,1984,to,c,c,c,c
1985,1985,tell,c,c,c,c
1986,1986,the,c,c,c,c
1987,1987,good,c,c,c,c
1988,1988,news,c,c,c,c
1989,1989,.,c,c,c,c
1990,1990,Last,c,c,c,c
1991,1991,month,c,c,c,c
1992,1992,",",c,c,c,c
1993,1993,I,c,c,c,c
1994,1994,went,c,c,c,c
1995,1995,to,c,c,c,c
1996,1996,a,c,c,c,c
1997,1997,pop,c,c,c,c
1998,1998,concert,c,c,c,c
1999,1999,with,c,c,c,c
2000,2000,four,c,c,c,c
2001,2001,bands,c,c,c,c
2002,2002,.,c,c,c,i
2003,2003,It,c,c,c,c
2004,2004,was,c,c,c,c
2005,2005,unbelivebly,i,i,i,i
2006,2006,!,c,c,c,c
2007,2007,!,c,c,c,c
2008,2008,!,c,c,c,c
2009,2009,Although,c,c,c,c
2010,2010,it,c,c,c,i
2011,2011,was,c,c,c,i
2012,2012,5.000,c,c,i,i
2013,2013,thousand,i,i,c,c
2014,2014,people,c,c,c,c
2015,2015,there,c,c,c,c
2016,2016,",",c,c,c,c
2017,2017,people,c,c,c,c
2018,2018,could,c,c,c,c
2019,2019,walk,c,c,c,c
2020,2020,and,c,c,c,c
2021,2021,dance,c,c,c,c
2022,2022,without,c,c,c,c
2023,2023,any,c,c,c,c
2024,2024,problem,c,c,c,c
2025,2025,.,c,c,c,c
2026,2026,It,c,c,c,c
2027,2027,was,c,c,c,c
2028,2028,very,c,c,c,c
2029,2029,well,c,c,c,c
2030,2030,organised,c,c,c,c
2031,2031,",",c,c,c,i
2032,2032,the,c,c,c,i
2033,2033,shows,c,c,c,i
2034,2034,started,c,c,c,c
2035,2035,in,c,c,c,c
2036,2036,the,c,c,c,c
2037,2037,exactly,i,c,c,c
2038,2038,time,c,c,c,i
2039,2039,and,c,c,c,c
2040,2040,the,c,c,c,c
2041,2041,group,c,c,c,c
2042,2042,were,c,c,c,c
2043,2043,well,c,c,c,i
2044,2044,performed,c,c,c,i
2045,2045,too,c,c,c,c
2046,2046,.,c,c,c,c
2047,2047,I,c,c,c,c
2048,2048,have,c,c,c,c
2049,2049,contributed,c,c,c,c
2050,2050,to,c,c,c,c
2051,2051,the,c,c,c,c
2052,2052,concert,c,c,c,c
2053,2053,selling,c,c,c,i
2054,2054,some,c,c,c,c
2055,2055,tickets,c,c,c,c
2056,2056,to,c,c,c,c
2057,2057,my,c,c,c,c
2058,2058,friends,c,c,c,c
2059,2059,.,c,c,c,c
2060,2060,However,c,c,c,c
2061,2061,the,c,c,c,i
2062,2062,success,c,c,c,c
2063,2063,of,c,c,c,c
2064,2064,the,c,c,c,c
2065,2065,concert,c,c,c,c
2066,2066,",",c,c,c,c
2067,2067,at,c,c,c,c
2068,2068,the,c,c,c,c
2069,2069,end,c,c,c,c
2070,2070,of,c,c,c,c
2071,2071,show,c,c,c,i
2072,2072,some,c,c,c,c
2073,2073,full,c,c,i,c
2074,2074,gays,i,i,i,c
2075,2075,started,c,c,c,c
2076,2076,a,c,c,c,c
2077,2077,big,c,c,c,c
2078,2078,confusion,c,c,c,c
2079,2079,and,c,c,c,c
2080,2080,some,c,c,c,c
2081,2081,people,c,c,c,c
2082,2082,get,c,i,i,i
2083,2083,hurt,c,c,c,c
2084,2084,.,c,c,c,c
2085,2085,It,c,c,c,c
2086,2086,was,c,c,c,c
2087,2087,depressing,c,c,c,c
2088,2088,...,c,c,c,c
2089,2089,Finally,c,c,c,c
2090,2090,",",c,c,c,c
2091,2091,I,c,c,c,c
2092,2092,would,c,c,c,c
2093,2093,like,c,c,c,c
2094,2094,to,c,c,c,c
2095,2095,know,c,c,c,c
2096,2096,some,c,c,c,c
2097,2097,news,c,i,c,c
2098,2098,about,c,c,c,c
2099,2099,you,c,c,c,c
2100,2100,",",c,c,c,c
2101,2101,What,c,c,c,c
2102,2102,have,c,c,c,c
2103,2103,you,c,c,c,c
2104,2104,done,c,i,c,c
2105,2105,?,c,c,c,c
2106,2106,Be,i,i,i,i
2107,2107,you,c,c,i,c
2108,2108,studing,i,i,i,i
2109,2109,a,c,c,c,c
2110,2110,lot,c,c,c,c
2111,2111,?,c,c,c,c
2112,2112,Please,c,c,c,c
2113,2113,write,c,c,c,c
2114,2114,me,c,c,c,c
2115,2115,a,c,c,c,c
2116,2116,letter,c,c,c,c
2117,2117,as,c,c,c,c
2118,2118,soon,c,c,c,c
2119,2119,as,c,c,c,c
2120,2120,possible,c,c,c,c
2121,2121,!,c,c,c,c
